,Code,First_name,Last_name,Team,Nation,Position,Rating
0,abdelju01,Justin,Abdelkader,DET,US,LW,0.8083517198309862
1,backeda01,David,Backes,BOS,US,C,0.8731031243730545
2,backsni02,Nicklas,Backstrom,WSH,SE,C,0.9053908186995856
3,bassco01,Cody,Bass,NSH,CA,C,0.6405145356851182
4,beaucfr01,Francois,Beauchemin,ANA,CA,D,0.7788737211388025
5,bergepa01,Patrice,Bergeron,BOS,CA,C,0.9235088167469305
6,bernist01,Steve,Bernier,NYI,CA,RW,0.7300711196518032
7,bickebr01,Bryan,Bickell,CAR,CA,LW,0.6656773338893589
8,biekske01,Kevin,Bieksa,ANA,CA,D,0.7346349572691354
9,blundmi01,Mike,Blunden,TBL,CA,RW,0.7348312255728245
10,bollja01,Jared,Boll,ANA,US,RW,0.612898098377971
11,bollada01,Dave,Bolland,FLA,CA,C,0.6843910277618178
12,boothda01,David,Booth,DET,US,LW,0.6364875987338214
13,bourqre01,Rene,Bourque,COL,CA,RW,0.7299977906662561
14,bouwmja01,Jay,Bouwmeester,STL,CA,D,0.7657616041602517
15,boychjo01,Johnny,Boychuk,NYI,CA,D,0.8015918607033263
16,boyesbr01,Brad,Boyes,TOR,CA,RW,0.7993739400564361
17,boylebr01,Brian,Boyle,NJD,US,C,0.7833727207893741
18,boyleda01,Dan,Boyle,NYR,CA,D,0.7650124394749502
19,brassde01,Derick,Brassard,TOT,CA,C,0.8424974143452992
20,brodzky01,Kyle,Brodziak,STL,CA,C,0.769180708795776
21,brouwtr01,Troy,Brouwer,CGY,CA,RW,0.780537072132659
22,browndu01,Dustin,Brown,LAK,US,RW,0.8617690520643257
23,brownmi02,Mike,Brown,TOT,US,RW,0.6843629629685947
24,burnsbr01,Brent,Burns,SJS,CA,D,0.9182293379074822
25,burroal01,Alexandre,Burrows,OTT,CA,LW,0.7377785591624327
26,byfugdu01,Dustin,Byfuglien,WPG,US,D,0.8935756387670616
27,callary01,Ryan,Callahan,TBL,US,RW,0.7641165856617089
28,cammami01,Mike,Cammalleri,TOT,CA,C,0.8074316214456974
29,campbbr02,Brian,Campbell,CHI,CA,D,0.7673035729392411
30,campbgr01,Gregory,Campbell,CBJ,CA,LW,0.6709819884744139
31,carlema01,Matt,Carle,TBL,US,D,0.7256765322195724
32,carteje01,Jeff,Carter,LAK,CA,C,0.8896884005046646
33,cartery01,Ryan,Carter,MIN,US,LW,0.7045098954501248
34,charazd01,Zdeno,Chara,BOS,CS,D,0.8460877977579725
35,chimeja01,Jason,Chimera,TOT,CA,LW,0.7401043484230361
36,chipcky01,Kyle,Chipchura,ARI,CA,C,0.6981015280283288
37,clarkda03,David,Clarkson,CBJ,CA,RW,0.6757571576293208
38,cluttca01,Cal,Clutterbuck,NYI,CA,RW,0.7715912050801793
39,coburbr01,Braydon,Coburn,TBL,CA,D,0.744337422157249
40,coglian01,Andrew,Cogliano,ANA,CA,LW,0.8157915434092275
41,colaica01,Carlo,Colaiacovo,BUF,CA,D,0.6917303120545361
42,comeabl01,Blake,Comeau,COL,CA,RW,0.8020158146971388
43,crosbsi01,Sidney,Crosby,PIT,CA,C,0.93391974584329
44,cullema01,Matt,Cullen,MIN,US,C,0.7561044016329588
45,daleytr01,Trevor,Daley,DET,CA,D,0.770398583001878
46,datsypa01,Pavel,Datsyuk,DET,RU,C,0.8970880013574276
47,doansh01,Shane,Doan,ARI,CA,RW,0.8039529620199646
48,downist01,Steve,Downie,ARI,CA,RW,0.7155941292749185
49,dubinbr01,Brandon,Dubinsky,CBJ,US,C,0.8267943687591804
50,dupuipa01,Pascal,Dupuis,PIT,CA,LW,0.7205424732361148
51,eavespa01,Patrick,Eaves,TOT,CA,RW,0.830208176768618
52,edleral01,Alexander,Edler,VAN,SE,D,0.8376240484394566
53,ehrhoch01,Christian,Ehrhoff,TOT,DE,D,0.7349250286611426
54,eliaspa01,Patrik,Elias,NJD,CS,LW,0.8060603502084872
55,enstrto01,Toby,Enstrom,WPG,SE,D,0.7448568184564132
56,ericsjo01,Jonathan,Ericsson,DET,SE,D,0.7498745227295895
57,erikslo01,Loui,Eriksson,VAN,SE,LW,0.8152274039836582
58,fehrer01,Eric,Fehr,TOT,CA,RW,0.7636605094296068
59,fiddlve01,Vernon,Fiddler,TOT,CA,C,0.7016895652819926
60,filppva01,Valtteri,Filppula,PHI,FI,C,0.7875151772459303
61,fishemi01,Mike,Fisher,NSH,CA,C,0.7880050003718864
62,fleisto01,Tomas,Fleischmann,TOT,CS,LW,0.7739606976007489
63,foligni01,Nick,Foligno,CBJ,US,LW,0.8429375457073071
64,gaborma01,Marian,Gaborik,TOT,CS,RW,0.7850230190607609
65,gagnesa01,Sam,Gagner,VAN,CA,C,0.7872253846664474
66,gaustpa01,Paul,Gaustad,NSH,US,C,0.6759494944958064
67,getzlry01,Ryan,Getzlaf,ANA,CA,C,0.9279936392328945
68,gilbeto01,Tom,Gilbert,LAK,US,D,0.7293641608988772
69,giontbr01,Brian,Gionta,BOS,US,RW,0.7941832633040719
70,girarda01,Dan,Girardi,TBL,CA,D,0.7726068195465842
71,giroucl01,Claude,Giroux,PHI,CA,C,0.9217009181111119
72,glassta01,Tanner,Glass,CGY,CA,LW,0.6942485215619296
73,goligal01,Alex,Goligoski,ARI,US,D,0.8329768926820845
74,gomezsc01,Scott,Gomez,TOT,US,C,0.6699826035793325
75,gordobo01,Boyd,Gordon,PHI,CA,C,0.6375290256838222
76,gorgejo01,Josh,Gorges,BUF,CA,D,0.7270125378626797
77,grabomi01,Mikhail,Grabovski,NYI,DE,C,0.7881921804479971
78,greenmi03,Mike,Green,DET,CA,D,0.8305578084488168
79,greenan01,Andy,Greene,NJD,US,D,0.7660805018119609
80,greenma01,Matt,Greene,LAK,US,D,0.7113149008346219
81,grossni01,Nicklas,Grossmann,ARI,SE,D,0.7158488028080423
82,guenina01,Nate,Guenin,COL,US,D,0.6133342974714464
83,hainsro01,Ron,Hainsey,TOR,US,D,0.7850136377634463
84,hamhuda01,Dan,Hamhuis,DAL,CA,D,0.78305818576112
85,hanseja01,Jannik,Hansen,SJS,DK,LW,0.7852344014658071
86,hanzama01,Martin,Hanzal,DAL,CS,C,0.8155115860826528
87,hartnsc01,Scott,Hartnell,NSH,CA,LW,0.8022982031607931
88,helmda01,Darren,Helm,DET,CA,C,0.788567734314269
89,hemskal01,Ales,Hemsky,DAL,CS,RW,0.8105132319968084
90,higgich01,Chris,Higgins,VAN,US,LW,0.66339479074315
91,hjalmni01,Niklas,Hjalmarsson,ARI,SE,D,0.7847449576880279
92,horcosh01,Shawn,Horcoff,ANA,CA,C,0.7623567863274201
93,hossama01,Marian,Hossa,CHI,CS,RW,0.8354104483115814
94,hudleji01,Jiri,Hudler,DAL,CS,RW,0.7618114325498304
95,hunwima01,Matt,Hunwick,PIT,US,D,0.7605681848294474
96,iginlja01,Jarome,Iginla,TOT,CA,RW,0.7827921869845225
97,jackmba01,Barret,Jackman,NSH,CA,D,0.6987716915336636
98,jagrja01,Jaromir,Jagr,CGY,CS,RW,0.797821119216159
99,johnser01,Erik,Johnson,COL,US,D,0.8392105253094634
100,johnsja02,Jack,Johnson,CBJ,US,D,0.7737953277449443
101,jokinju01,Jussi,Jokinen,TOT,FI,C,0.794970340295646
102,jonesda01,David,Jones,TOT,CA,RW,0.7320362652435684
103,kanepa01,Patrick,Kane,CHI,US,RW,0.9098554337129791
104,keithdu01,Duncan,Keith,CHI,CA,D,0.845678835746532
105,kellych01,Chris,Kelly,ANA,CA,C,0.6538559303665481
106,kennety01,Tyler,Kennedy,NJD,CA,C,0.7702067721213303
107,keslery01,Ryan,Kesler,ANA,US,C,0.8550182573034688
108,kesseph01,Phil,Kessel,PIT,US,RW,0.885678857640653
109,kleinke01,Kevin,Klein,NYR,CA,D,0.7897733894794936
110,koivumi01,Mikko,Koivu,MIN,FI,C,0.8727004558219341
111,kopitan01,Anze,Kopitar,LAK,SI,C,0.9223954357087919
112,krejcda01,David,Krejci,BOS,CS,C,0.866906845697541
113,kronwni01,Niklas,Kronwall,DET,SE,D,0.774692154255122
114,kunitch01,Chris,Kunitz,TBL,CA,LW,0.8010469599011609
115,laddan01,Andrew,Ladd,NYI,CA,LW,0.8050120869717037
116,laichbr01,Brooks,Laich,LAK,CA,C,0.6712254829844665
117,lecavvi01,Vincent,Lecavalier,TOT,CA,C,0.7560359384098795
118,legwada01,David,Legwand,BUF,US,C,0.6729697006179627
119,letankr01,Kris,Letang,PIT,CA,D,0.9102816647144296
120,lilesjo01,John-Michael,Liles,BOS,US,D,0.7506424162063738
121,littlbr01,Bryan,Little,WPG,CA,RW,0.8544812474490022
122,lucicmi01,Milan,Lucic,EDM,CA,LW,0.8417772894811932
123,lupuljo01,Joffrey,Lupul,TOR,CA,LW,0.7503130593478846
124,mackede01,Derek,MacKenzie,FLA,CA,C,0.7276553656090985
125,malkiev01,Evgeni,Malkin,PIT,RU,C,0.9236362292474024
126,markoan01,Andrei,Markov,MTL,RU,D,0.8596593802033574
127,marlepa01,Patrick,Marleau,TOR,CA,C,0.8390314731895242
128,martipa01,Paul,Martin,SJS,US,D,0.7646403459878951
129,matthsh01,Shawn,Matthias,WPG,CA,C,0.7186302729726886
130,mccleja01,Jay,McClement,CAR,CA,C,0.6860472407176106
131,mcleoco01,Cody,McLeod,TOT,CA,LW,0.6584884039234722
132,methoma01,Marc,Methot,DAL,CA,D,0.745707199946612
133,michami01,Milan,Michalek,TOT,CS,RW,0.7837616634173643
134,michazb01,Zbynek,Michalek,ARI,CS,D,0.7002055464750317
135,milledr01,Drew,Miller,DET,US,LW,0.6799054670284228
136,mitchto01,Torrey,Mitchell,TOT,CA,C,0.7341021125379976
137,mitchwi01,Willie,Mitchell,FLA,CA,D,0.7272137162879608
138,moentr01,Travis,Moen,DAL,CA,LW,0.6540847966142446
139,mooredo01,Dominic,Moore,TOR,CA,C,0.7405441424153778
140,moulsma01,Matt,Moulson,BUF,CA,LW,0.6729170733225306
141,nashri01,Rick,Nash,TOT,CA,LW,0.8108455426154431
142,neilch01,Chris,Neil,OTT,CA,RW,0.6828675184212969
143,nielsfr01,Frans,Nielsen,DET,DK,C,0.8196058256184522
144,niskama01,Matt,Niskanen,WSH,US,D,0.8461190752922594
145,nystrer01,Eric,Nystrom,NSH,US,LW,0.7370132184802176
146,oduyajo01,Johnny,Oduya,TOT,SE,D,0.748896849684799
147,okposky01,Kyle,Okposo,BUF,US,RW,0.8475755393124953
148,orpikbr01,Brooks,Orpik,WSH,US,D,0.7594423728717161
149,ottst01,Steve,Ott,TOT,CA,C,0.7061425936191843
150,ovechal01,Alex,Ovechkin,WSH,RU,LW,0.9109425392492312
151,paillda01,Daniel,Paille,NYR,CA,LW,0.6033608850731578
152,parisza01,Zach,Parise,MIN,US,LW,0.8461290673568436
153,paveljo01,Joe,Pavelski,SJS,US,C,0.9062631797581359
154,perroda01,David,Perron,VEG,CA,LW,0.8719086049539282
155,perryco01,Corey,Perry,ANA,CA,RW,0.8540503798202885
156,phanedi01,Dion,Phaneuf,TOT,CA,D,0.805241938023058
157,plekato01,Tomas,Plekanec,TOT,CS,C,0.8143857843250903
158,polakro01,Roman,Polak,TOR,CS,D,0.7705069833676303
159,pominja01,Jason,Pominville,BUF,CA,RW,0.8078728021043907
160,poulibe01,Benoit,Pouliot,BUF,CA,LW,0.7422672120616018
161,purcete01,Teddy,Purcell,LAK,CA,RW,0.7211012664080606
162,quincky01,Kyle,Quincey,MIN,CA,D,0.7218557771579576
163,radulal01,Alexander,Radulov,DAL,RU,RW,0.8847573196668799
164,raymoma01,Mason,Raymond,CGY,CA,LW,0.6728151196569551
165,ribeimi01,Mike,Ribeiro,NSH,CA,C,0.7790369853251415
166,richabr01,Brad,Richards,DET,CA,C,0.7765738653156675
167,richami02,Mike,Richards,WSH,CA,C,0.7246041615616914
168,richabr02,Brad,Richardson,ARI,CA,C,0.7778259569030023
169,rozsimi01,Michal,Rozsival,CHI,CS,D,0.7347555231385046
170,russekr01,Kris,Russell,EDM,CA,D,0.7837525005153916
171,ruututu01,Tuomo,Ruutu,NJD,FI,C,0.6678321445764057
172,ryanbo01,Bobby,Ryan,OTT,US,LW,0.8235635690646533
173,schulni01,Nick,Schultz,PHI,CA,D,0.7321865095921269
174,scudero01,Rob,Scuderi,TOT,US,D,0.7007051512169435
175,seabrbr01,Brent,Seabrook,CHI,CA,D,0.8194544803157864
176,sedinda01,Daniel,Sedin,VAN,SE,LW,0.8239724454702008
177,sedinhe01,Henrik,Sedin,VAN,SE,C,0.8159085050849096
178,seidede01,Dennis,Seidenberg,NYI,DE,D,0.7495809579617865
179,sekeran01,Andrej,Sekera,EDM,CS,D,0.7718889221069378
180,seminal01,Alexander,Semin,MTL,RU,LW,0.7445047782825133
181,sestito01,Tom,Sestito,PIT,US,LW,0.6397750172714937
182,setogde01,Devin,Setoguchi,LAK,CA,RW,0.7596205765232549
183,sharppa01,Patrick,Sharp,CHI,CA,LW,0.7774984872202485
184,skillja01,Jack,Skille,VAN,US,RW,0.7047908343598152
185,smidla01,Ladislav,Smid,CGY,CS,D,0.6547528181973442
186,sobotvl01,Vladimir,Sobotka,STL,CS,C,0.7905481554577989
187,spezzja01,Jason,Spezza,DAL,CA,C,0.8094070484912801
188,staaler01,Eric,Staal,MIN,CA,C,0.8880869297959875
189,staaljo01,Jordan,Staal,CAR,CA,C,0.8889607811692565
190,staalma01,Marc,Staal,NYR,CA,D,0.7303624088758734
191,staffdr01,Drew,Stafford,NJD,US,RW,0.7559459181169907
192,stajama01,Matt,Stajan,CGY,CA,C,0.7522780818360791
193,stastpa01,Paul,Stastny,TOT,CA,C,0.8718976399844781
194,steenal01,Alex,Steen,STL,SE,C,0.8596652461614033
195,stemple01,Lee,Stempniak,CAR,US,RW,0.783690715674392
196,stollja01,Jarret,Stoll,TOT,CA,C,0.6867529217810713
197,stralan01,Anton,Stralman,TBL,SE,D,0.8027526067768205
198,streima01,Mark,Streit,TOT,CH,D,0.7972975123004369
199,stuarma01,Mark,Stuart,WPG,US,D,0.6933117684913879
200,suterry01,Ryan,Suter,MIN,US,D,0.8890780169791879
201,talboma01,Maxime,Talbot,BOS,CA,C,0.7023052784908477
202,tangual01,Alex,Tanguay,TOT,CA,LW,0.7933071337653745
203,thorbch01,Chris,Thorburn,STL,CA,RW,0.680709620743939
204,thornjo01,Joe,Thornton,SJS,CA,C,0.8854383592601113
205,thornsh01,Shawn,Thornton,FLA,CA,RW,0.6325837192664729
206,tlustji01,Jiri,Tlusty,NJD,CS,C,0.722996239923671
207,toewsjo01,Jonathan,Toews,CHI,CA,C,0.8872834825340357
208,tootojo01,Jordin,Tootoo,CHI,CA,RW,0.6799094434963595
209,turriky01,Kyle,Turris,TOT,CA,C,0.8448338102953337
210,tyutife01,Fedor,Tyutin,COL,RU,D,0.7336388113578405
211,umberrj01,R.J.,Umberger,PHI,US,C,0.7230872407701545
212,upshasc01,Scottie,Upshall,STL,CA,LW,0.7616858947347417
213,vanekth01,Thomas,Vanek,TOT,AT,LW,0.8181647409173565
214,vermean01,Antoine,Vermette,ANA,CA,C,0.7743290142891469
215,verstkr01,Kris,Versteeg,CGY,CA,RW,0.7662645844650197
216,vlasima01,Marc-Edouard,Vlasic,SJS,CA,D,0.8395364978713205
217,vrbatra01,Radim,Vrbata,FLA,CS,RW,0.7740978962144069
218,webermi01,Mike,Weber,TOT,US,D,0.7334322030231983
219,webersh01,Shea,Weber,MTL,CA,D,0.893719796762949
220,widemde01,Dennis,Wideman,CGY,CA,D,0.7783228266742409
221,williju01,Justin,Williams,CAR,CA,RW,0.8521632350077681
222,winnida01,Daniel,Winnik,MIN,CA,C,0.7490390371903678
223,yandlke01,Keith,Yandle,FLA,US,D,0.8467361729943926
224,zajactr01,Travis,Zajac,NJD,CA,C,0.8314625784823271
225,zettehe01,Henrik,Zetterberg,DET,SE,LW,0.8677055909038437
226,zidlima01,Marek,Zidlicky,NYI,CS,D,0.7498278477334122
227,zubruda01,Dainius,Zubrus,SJS,RU,RW,0.7183044871354487
228,alzneka01,Karl,Alzner,MTL,CA,D,0.7645377175959155
229,anisiar01,Artem,Anisimov,CHI,RU,C,0.7994602300623037
230,backlmi01,Mikael,Backlund,CGY,SE,C,0.8630849911247107
231,bailejo01,Josh,Bailey,NYI,CA,C,0.8506211015636022
232,beaglja01,Jay,Beagle,WSH,CA,RW,0.7607605904099617
233,belesma01,Matt,Beleskey,TOT,CA,LW,0.6929063432902312
234,berglpa01,Patrik,Berglund,STL,SE,C,0.8219929660812207
235,boedkmi01,Mikkel,Boedker,SJS,DK,RW,0.7971936087002386
236,bogosza01,Zach,Bogosian,BUF,US,D,0.7458130153271516
237,chornta01,Taylor,Chorney,TOT,CA,D,0.7024333456270204
238,dorsede01,Derek,Dorsett,VAN,CA,RW,0.786485684816532
239,doughdr01,Drew,Doughty,LAK,CA,D,0.9023017500041662
240,frolimi01,Michael,Frolik,CGY,CS,LW,0.8306110850297297
241,garrija01,Jason,Garrison,TBL,CA,D,0.7298368678682348
242,gerbena01,Nathan,Gerbe,CAR,US,C,0.6841491467434835
243,giordma01,Mark,Giordano,CGY,CA,D,0.8764226171020673
244,halisma01,Matt,Halischuk,WPG,CA,RW,0.6734231108824399
245,hendrma01,Matt,Hendricks,WPG,US,C,0.743729349793528
246,hornqpa01,Patric,Hornqvist,PIT,SE,RW,0.8803222106866226
247,korpila01,Lauri,Korpikoski,TOT,FI,LW,0.7324070626721518
248,kulemni01,Nikolai,Kulemin,NYI,RU,LW,0.7511099544125255
249,lewistr01,Trevor,Lewis,LAK,US,C,0.7947373558052053
250,lovejbe01,Ben,Lovejoy,NJD,US,D,0.7606217047481958
251,macdoan01,Andrew,MacDonald,PHI,CA,D,0.7864255268385045
252,mcginja01,Jamie,McGinn,FLA,CA,LW,0.7572351187260244
253,mitchjo01,John,Mitchell,COL,CA,C,0.7116282480762262
254,nealja01,James,Neal,VEG,CA,LW,0.8473760608657875
255,oreilca01,Cal,O'Reilly,BUF,CA,C,0.6412028304368265
256,oshietj01,T.J.,Oshie,WSH,US,C,0.8733512241254824
257,pacioma01,Max,Pacioretty,MTL,US,LW,0.8721365568341077
258,pardyad01,Adam,Pardy,TOT,CA,D,0.7234939022297493
259,pietral01,Alex,Pietrangelo,STL,CA,D,0.8893329816313063
260,portech01,Chris,Porter,MIN,CA,C,0.6820857373318572
261,porteke01,Kevin,Porter,PIT,US,C,0.7172776942796836
262,prustbr01,Brandon,Prust,VAN,CA,LW,0.6984315270897397
263,santomi01,Mike,Santorelli,ANA,CA,C,0.7058227050067807
264,sbisalu01,Luca,Sbisa,VEG,IT,D,0.7853411307977599
265,schenlu01,Luke,Schenn,ARI,CA,D,0.7458337533490832
266,schleda01,David,Schlemko,MTL,CA,D,0.7582474170632423
267,scottjo01,John,Scott,TOT,CA,LW,0.6888123012926215
268,simmowa01,Wayne,Simmonds,PHI,CA,RW,0.8640227721900129
269,smithza01,Zack,Smith,OTT,CA,C,0.7896733010022443
270,stamkst01,Steven,Stamkos,TBL,CA,C,0.9182099458820295
271,stewach02,Chris,Stewart,TOT,CA,RW,0.7148607791806265
272,suttebr03,Brandon,Sutter,VAN,US,C,0.8077339481435377
273,thompna01,Nate,Thompson,TOT,US,C,0.7043720793049626
274,tikhovi01,Viktor,Tikhonov,TOT,RU,RW,0.676687066493439
275,voracja01,Jakub,Voracek,PHI,CS,RW,0.8939572552564654
276,wardjo02,Joel,Ward,SJS,CA,RW,0.763666047637194
277,weberya01,Yannick,Weber,NSH,CH,D,0.6699896441173745
278,wheelbl01,Blake,Wheeler,WPG,US,RW,0.9238589496355976
279,bennja01,Jamie,Benn,DAL,CA,LW,0.9150755144714803
280,bodnaan01,Andrew,Bodnarchuk,TOT,CA,D,0.6626666701078278
281,boninni01,Nick,Bonino,NSH,US,C,0.8019725029134779
282,bozakty01,Tyler,Bozak,TOR,CA,C,0.835108944593404
283,carlsjo01,John,Carlson,WSH,US,D,0.8834577373437372
284,cluneri01,Rich,Clune,TOR,CA,LW,0.7701589775341824
285,coutulo01,Logan,Couture,SJS,CA,C,0.8746987517204476
286,cowenja01,Jared,Cowen,OTT,CA,D,0.7230305559724369
287,dadonev01,Evgeni,Dadonov,FLA,RU,RW,0.9103755855644033
288,delzomi01,Michael,Del Zotto,VAN,CA,D,0.8020176752602111
289,demerja01,Jason,Demers,ARI,CA,D,0.806558253235291
290,deshada01,David,Desharnais,NYR,CA,C,0.7499915701581533
291,duchema01,Matt,Duchene,TOT,CA,C,0.8592041206982941
292,ellerla01,Lars,Eller,WSH,DK,C,0.7862596108980888
293,engelde01,Deryk,Engelland,VEG,CA,D,0.7657433119313845
294,ennisty01,Tyler,Ennis,MIN,CA,C,0.7558550864355356
295,falkju01,Justin,Falk,BUF,CA,D,0.7135131736927987
296,fransco01,Cody,Franson,CHI,CA,D,0.7810213696844366
297,grabnmi01,Michael,Grabner,TOT,AT,RW,0.7903492769642647
298,gunnaca01,Carl,Gunnarsson,STL,SE,D,0.7179992173804985
299,haleymi01,Micheal,Haley,FLA,CA,C,0.6713196193381279
300,hedmavi01,Victor,Hedman,TBL,SE,D,0.9100924910853848
301,kadrina01,Nazem,Kadri,TOR,CA,C,0.8672442012895271
302,kaneev01,Evander,Kane,TOT,CA,LW,0.8629026132186632
303,karlser01,Erik,Karlsson,OTT,SE,D,0.9266444905135297
304,kindlja01,Jakub,Kindl,FLA,CS,D,0.7056155755551055
305,kulikdm01,Dmitry,Kulikov,WPG,RU,D,0.73234962559343
306,larseph01,Philip,Larsen,VAN,DK,D,0.7100650838437041
307,letesma01,Mark,Letestu,TOT,CA,C,0.7708916706332462
308,marchbr03,Brad,Marchand,BOS,CA,LW,0.9346023470059541
309,martima02,Matt,Martin,TOR,CA,LW,0.7486261365377023
310,martial01,Alec,Martinez,LAK,US,D,0.8266507219981855
311,mcbaija02,Jamie,McBain,LAK,US,D,0.7218457294082992
312,mcquaad01,Adam,McQuaid,BOS,CA,D,0.7350129452874228
313,myersty01,Tyler,Myers,WPG,US,D,0.827186985446797
314,oreilry01,Ryan,O'Reilly,BUF,CA,C,0.9059706732175162
315,parenpi01,P.A.,Parenteau,TOT,CA,LW,0.7975957366473291
316,perrema01,Mathieu,Perreault,WPG,CA,C,0.8628225457669415
317,prossna01,Nate,Prosser,TOT,US,D,0.708925344020109
318,pyattto01,Tom,Pyatt,OTT,CA,C,0.741828534163067
319,schenbr01,Brayden,Schenn,STL,CA,C,0.8812398846371332
320,spalini01,Nick,Spaling,TOT,CA,C,0.7343703241468985
321,stalbvi01,Viktor,Stalberg,TOT,SE,LW,0.7414766355289734
322,stonecl01,Clayton,Stoner,ANA,CA,D,0.7703285100303647
323,subbapk01,P.K.,Subban,NSH,CA,D,0.8939710995834833
324,tavarjo01,John,Tavares,NYI,CA,C,0.9010346447152018
325,vanrija01,James,van Riemsdyk,TOR,US,LW,0.8524260049163119
326,whitery01,Ryan,White,TOT,CA,C,0.7398760793900501
327,wilsoco01,Colin,Wilson,COL,US,C,0.7745655866430385
328,bartkma01,Matt,Bartkowski,CGY,US,D,0.6881424318937548
329,boumala01,Lance,Bouma,CHI,CA,C,0.7312876481614248
330,braunju01,Justin,Braun,SJS,US,D,0.8127168727712747
331,broditj01,T.J.,Brodie,CGY,CA,D,0.8347735125188732
332,burmial01,Alexander,Burmistrov,VAN,RU,C,0.717648050877707
333,byronpa01,Paul,Byron,MTL,CA,C,0.8152249321228948
334,calvema01,Matt,Calvert,CBJ,CA,LW,0.7619914814602344
335,cliffky01,Kyle,Clifford,LAK,CA,LW,0.7430387936483618
336,colbojo01,Joe,Colborne,COL,CA,C,0.7323030099143576
337,coleia01,Ian,Cole,TOT,US,D,0.7958334104422802
338,condrer01,Erik,Condra,TBL,US,RW,0.6656834799969139
339,crackad01,Adam,Cracknell,DAL,CA,RW,0.7293349088298353
340,dalpeza01,Zac,Dalpe,CBJ,CA,RW,0.6115810121916259
341,desjaan01,Andrew,Desjardins,CHI,CA,C,0.7119651689119957
342,eberljo01,Jordan,Eberle,NYI,CA,RW,0.8617649583576579
343,ekmanol01,Oliver,Ekman-Larsson,ARI,SE,D,0.8612854849734475
344,faynema01,Mark,Fayne,EDM,US,D,0.7160177486265831
345,fowleca01,Cam,Fowler,ANA,CA,D,0.8424954822386539
346,gauncca01,Cameron,Gaunce,PIT,CA,D,0.7695750837559385
347,giontst01,Stephen,Gionta,NYI,US,C,0.7060698032048758
348,greenco01,Colin,Greening,TOT,CA,C,0.8293984197148628
349,hallta02,Taylor,Hall,NJD,CA,LW,0.9137576324582771
350,hamontr01,Travis,Hamonic,CGY,CA,D,0.7641693965996278
351,henriad01,Adam,Henrique,TOT,CA,C,0.8348857029990305
352,hodgsco01,Cody,Hodgson,NSH,CA,C,0.7420559613871522
353,holdeni01,Nick,Holden,TOT,CA,D,0.7963572680335308
354,holzeko01,Korbinian,Holzer,ANA,DE,D,0.6725321597313733
355,johanma03,Marcus,Johansson,NJD,SE,C,0.8207519480503189
356,josefja01,Jacob,Josefson,BUF,SE,C,0.6981419907288133
357,kampfst01,Steven,Kampfer,NYR,US,D,0.7040667513052906
358,kingdw01,Dwight,King,TOT,CA,LW,0.7308533514052901
359,klinkro01,Rob,Klinkhammer,EDM,CA,LW,0.6609385013510719
360,krugema01,Marcus,Kruger,CAR,SE,C,0.7499205915942311
361,leddyni01,Nick,Leddy,NYI,US,D,0.8351571879065298
362,mashibr01,Brandon,Mashinter,CHI,CA,LW,0.6611573842062582
363,mcdonry01,Ryan,McDonagh,TOT,US,D,0.8553409586223748
364,moorejo01,John,Moore,NJD,US,D,0.7632085546136158
365,muzzija01,Jake,Muzzin,LAK,CA,D,0.864252348670644
366,niedeni01,Nino,Niederreiter,MIN,CH,RW,0.8508609122502302
367,nikitni01,Nikita,Nikitin,EDM,RU,D,0.6846185811424642
368,paajama01,Magnus,Paajarvi,TOT,SE,LW,0.7455315824559074
369,palmiky01,Kyle,Palmieri,NJD,US,RW,0.8633220340806705
370,petryje01,Jeff,Petry,MTL,US,D,0.8476416964293486
371,pirribr01,Brandon,Pirri,NYR,CA,C,0.7538265070942116
372,postmpa01,Paul,Postma,BOS,CA,D,0.6745869966993187
373,reavery01,Ryan,Reaves,TOT,CA,RW,0.7117085523290398
374,scandma01,Marco,Scandella,BUF,CA,D,0.7752000085451116
375,scevico01,Colton,Sceviour,FLA,CA,C,0.771602544645989
376,seguity01,Tyler,Seguin,DAL,CA,C,0.9106735376425925
377,shattke01,Kevin,Shattenkirk,NYR,US,D,0.8404124718902927
378,skinnje01,Jeff,Skinner,CAR,CA,C,0.8534792550610216
379,smithbe01,Ben,Smith,TOT,US,RW,0.7178168967237721
380,spurgja01,Jared,Spurgeon,MIN,CA,D,0.8724790454180207
381,stepade01,Derek,Stepan,ARI,US,C,0.8579289616650724
382,straibr01,Brian,Strait,NYI,US,D,0.7082019915441453
383,tanevch01,Chris,Tanev,VAN,CA,D,0.7754005842948354
384,tatarto01,Tomas,Tatar,TOT,CS,C,0.8104741175048982
385,vandech01,Chris,VandeVelde,PHI,US,C,0.7174697751753851
386,weiseda01,Dale,Weise,PHI,CA,RW,0.7239289135222896
387,wiercpa01,Patrick,Wiercioch,COL,CA,D,0.7055719879861109
388,wingeto01,Tommy,Wingels,TOT,US,C,0.7392353771393002
389,zuccama01,Mats,Zuccarello,NYR,NO,LW,0.863989148989023
390,anderjo03,Joakim,Andersson,DET,SE,C,0.6722767293998911
391,atkinca01,Cam,Atkinson,CBJ,US,RW,0.8668966406707528
392,baertsv01,Sven,Baertschi,VAN,CH,LW,0.7949723588216974
393,barrity01,Tyson,Barrie,COL,CA,D,0.8580544564707986
394,bennjo01,Jordie,Benn,MTL,CA,D,0.7577899548040785
395,bollibr01,Brandon,Bollig,CGY,US,LW,0.6571794761654658
396,borowma01,Mark,Borowiecki,OTT,CA,D,0.7651456284340339
397,borturo01,Robert,Bortuzzo,STL,CA,D,0.748310580009904
398,bourqga01,Gabriel,Bourque,COL,CA,LW,0.7294672207309997
399,brownjt01,J.T.,Brown,TOT,US,RW,0.7199531960708311
400,cizikca01,Casey,Cizikas,NYI,CA,C,0.7946452736533021
401,connobr01,Brett,Connolly,WSH,CA,RW,0.7586712352370669
402,coutuse01,Sean,Couturier,PHI,CA,C,0.8965576923878846
403,dehaaca01,Calvin,de Haan,NYI,CA,D,0.8099809880769289
404,desprsi01,Simon,Despres,ANA,CA,D,0.760112895387506
405,dillobr01,Brenden,Dillon,SJS,CA,D,0.7656030554337871
406,dumonga01,Gabriel,Dumont,TOT,CA,C,0.6926966178136073
407,eakinco01,Cody,Eakin,VEG,CA,C,0.7598193023879103
408,ekholma01,Mattias,Ekholm,NSH,SE,D,0.834009489958449
409,elliost01,Stefan,Elliott,TOT,CA,D,0.7301286781658762
410,ellisry01,Ryan,Ellis,NSH,CA,D,0.8756809121763435
411,emelial01,Alexei,Emelin,NSH,RU,D,0.7522712275884318
412,faulkju01,Justin,Faulk,CAR,US,D,0.8545492239922495
413,foligma01,Marcus,Foligno,MIN,US,LW,0.7788164844192658
414,garbury01,Ryan,Garbutt,ANA,CA,C,0.6919205705775626
415,gardija01,Jake,Gardiner,TOR,US,D,0.8434872763268081
416,golouco01,Cody,Goloubef,COL,CA,D,0.7182494376081576
417,gudbrer01,Erik,Gudbranson,VAN,CA,D,0.7314713442922498
418,hagelca01,Carl,Hagelin,PIT,SE,LW,0.8071286749543003
419,hayesji01,Jimmy,Hayes,NJD,US,RW,0.7120756176545253
420,hoffmmi02,Mike,Hoffman,OTT,CA,C,0.8585239486575234
421,hollape01,Peter,Holland,NYR,CA,C,0.7037475179432728
422,johanry01,Ryan,Johansen,NSH,CA,C,0.877116677157658
423,josiro01,Roman,Josi,NSH,CH,D,0.8966927008527569
424,kassiza01,Zack,Kassian,EDM,CA,RW,0.7405253556857755
425,krugto01,Torey,Krug,BOS,US,D,0.8768454831129818
426,landean01,Anton,Lander,EDM,SE,C,0.7212633213031944
427,landega01,Gabriel,Landeskog,COL,SE,LW,0.8678406800046232
428,larssad01,Adam,Larsson,EDM,SE,D,0.8150983861877255
429,malonbr01,Brad,Malone,CAR,CA,C,0.6841742013587095
430,mannibr01,Brandon,Manning,PHI,CA,D,0.7643721786613654
431,maroopa01,Patrick,Maroon,TOT,US,LW,0.8277307570583088
432,mcnabbr01,Brayden,McNabb,VEG,CA,D,0.7867949572330921
433,nashri02,Riley,Nash,BOS,CA,C,0.8092469000908971
434,nolanjo01,Jordan,Nolan,BUF,CA,C,0.678557573334449
435,nugenry01,Ryan,Nugent-Hopkins,EDM,CA,C,0.8514587128414542
436,nyquigu01,Gustav,Nyquist,DET,SE,RW,0.8267219563156112
437,orlovdm01,Dmitry,Orlov,WSH,RU,D,0.8230693673564307
438,proutda01,Dalton,Prout,TOT,CA,D,0.7329381412254118
439,readma01,Matt,Read,PHI,CA,RW,0.7354629499528689
440,rinalza01,Zac,Rinaldo,ARI,CA,C,0.6730483578981264
441,saadbr01,Brandon,Saad,CHI,US,LW,0.8314294554267535
442,savarda01,David,Savard,CBJ,CA,D,0.806913952758623
443,scheima01,Mark,Scheifele,WPG,CA,C,0.9142277979430892
444,schwaja01,Jaden,Schwartz,STL,CA,C,0.8880661724034994
445,shawan01,Andrew,Shaw,MTL,CA,C,0.8093564627796019
446,sheahri01,Riley,Sheahan,TOT,CA,C,0.7610728751521546
447,smithbr05,Brendan,Smith,NYR,CA,D,0.7397483589093603
448,smithcr01,Craig,Smith,NSH,US,C,0.8117950860217754
449,smithre01,Reilly,Smith,VEG,CA,RW,0.8749550064325643
450,smithde06,Devante,Smith-Pelly,WSH,CA,RW,0.7418312189394357
451,stonemi01,Michael,Stone,CGY,CA,D,0.764355837148921
452,zibanmi01,Mika,Zibanejad,NYR,SE,C,0.859308062025485
453,zolniha01,Harry,Zolnierczyk,NSH,CA,LW,0.6512656013122563
454,zuckeja01,Jason,Zucker,MIN,US,LW,0.8606856980046138
455,arcobma01,Mark,Arcobello,TOR,US,RW,0.7149204772091624
456,barbema01,Mark,Barberio,COL,CA,D,0.7745441568022764
457,beaulna01,Nathan,Beaulieu,BUF,CA,D,0.7457545205904094
458,bennebe01,Beau,Bennett,NJD,US,RW,0.7707872287308097
459,bjugsni01,Nick,Bjugstad,FLA,US,C,0.8056748540604441
460,brodijo01,Jonas,Brodin,MIN,SE,D,0.782489666360832
461,chiasal01,Alex,Chiasson,WSH,CA,RW,0.7277735497624893
462,conacco01,Cory,Conacher,TBL,CA,LW,0.7518177738192264
463,corrafr01,Frank,Corrado,TOR,CA,D,0.7082344920551711
464,coylech01,Charlie,Coyle,MIN,US,C,0.8415017279584479
465,dekeyda01,Danny,DeKeyser,DET,US,D,0.76690432914048
466,dziurda01,David,Dziurzynski,OTT,Other,LW,0.7334731747107467
467,etemem01,Emerson,Etem,TOT,US,RW,0.7447514882185333
468,flynnbr01,Brian,Flynn,MTL,US,RW,0.7210416737955735
469,forsbfi01,Filip,Forsberg,NSH,SE,C,0.88888059796144
470,galchal01,Alex,Galchenyuk,MTL,US,C,0.8327215322095796
471,gallabr01,Brendan,Gallagher,MTL,CA,RW,0.863445336964462
472,geliner01,Eric,Gelinas,COL,CA,D,0.6602918847184402
473,granlmi01,Mikael,Granlund,MIN,FI,C,0.8919303268962638
474,grantde01,Derek,Grant,ANA,CA,C,0.7119704725811948
475,grigomi01,Mikhail,Grigorenko,COL,RU,C,0.7357182721167289
476,grybaer01,Eric,Gryba,EDM,CA,D,0.746104995640912
477,gudasra01,Radko,Gudas,PHI,CS,D,0.8154858033019422
478,hamildo01,Dougie,Hamilton,CGY,CA,D,0.8642757423785914
479,hicketh01,Thomas,Hickey,NYI,CA,D,0.7776569029727657
480,howdequ01,Quinton,Howden,FLA,CA,C,0.7010733905918477
481,huberjo01,Jonathan,Huberdeau,FLA,CA,C,0.8889593237747012
482,irwinma01,Matt,Irwin,NSH,CA,D,0.7348385924900124
483,jaskidm01,Dmitrij,Jaskin,STL,RU,RW,0.7681799182938417
484,johnsty01,Tyler,Johnson,TBL,US,C,0.8418686551688249
485,jordami01,Michal,Jordan,CAR,CS,D,0.659587136039487
486,killoal01,Alex,Killorn,TBL,CA,C,0.8268580450414762
487,komarle01,Leo,Komarov,TOR,RU,C,0.8041410281277455
488,kostkmi01,Mike,Kostka,OTT,CA,D,0.68216420504318
489,kreidch01,Chris,Kreider,NYR,US,C,0.8605104913141058
490,larssjo02,Johan,Larsson,BUF,SE,LW,0.7478734668226277
491,laughsc01,Scott,Laughton,PHI,CA,C,0.7474876789378269
492,leean01,Anders,Lee,NYI,US,C,0.853381455091077
493,audymjo01,Jon,Marchessault,VEG,CA,C,0.8680047670421589
494,mattest02,Stefan,Matteau,TOT,US,LW,0.6457217053003388
495,millejt01,J.T.,Miller,TOT,US,C,0.8467782751794628
496,murphry01,Ryan,Murphy,MIN,CA,D,0.7143176072489141
497,oleksja01,Jamie,Oleksiak,TOT,CA,D,0.7521340305316353
498,oleksst01,Steven,Oleksy,PIT,US,D,0.742728692273944
499,pageaje01,Jean-Gabriel,Pageau,OTT,CA,C,0.8133120629768354
500,palaton01,Ondrej,Palat,TBL,CS,LW,0.8621586652998352
501,panikri01,Richard,Panik,TOT,CS,RW,0.8137621632957953
502,patergr01,Greg,Pateryn,DAL,US,D,0.7775311942010333
503,pelusan01,Anthony,Peluso,WPG,CA,RW,0.6726170017755864
504,petroal01,Alexander,Petrovic,FLA,CA,D,0.769197164752467
505,pysykma01,Mark,Pysyk,FLA,CA,D,0.7624412916599375
506,rakelri01,Rickard,Rakell,ANA,SE,RW,0.8783712737836653
507,redmoza01,Zach,Redmond,MTL,US,D,0.771964703643682
508,roussan01,Antoine,Roussel,DAL,FR,LW,0.7883584101965927
509,ruhwech01,Chad,Ruhwedel,PIT,US,D,0.7365722913646942
510,schrojo01,Jordan,Schroeder,CBJ,US,C,0.6698581550954124
511,schulju01,Justin,Schultz,PIT,CA,D,0.8198980910253068
512,sgarbmi01,Michael,Sgarbossa,TOT,CA,C,0.7271624304437577
513,shoredr01,Drew,Shore,VAN,US,C,0.6698553605394473
514,silfvja01,Jakob,Silfverberg,ANA,SE,LW,0.8511898442072029
515,soderca01,Carl,Soderberg,COL,SE,C,0.7862420573514828
516,spoonry01,Ryan,Spooner,TOT,CA,C,0.8168146473284686
517,stonema01,Mark,Stone,OTT,CA,RW,0.9132485541766315
518,sustran01,Andrej,Sustr,TBL,CS,D,0.7293217237860293
519,tarasvl01,Vladimir,Tarasenko,STL,RU,RW,0.8851344458622696
520,tennyma01,Matt,Tennyson,BUF,US,D,0.6541591932454813
521,terrych01,Chris,Terry,MTL,CA,LW,0.725868673322692
522,toffoty01,Tyler,Toffoli,LAK,CA,C,0.8409261875554739
523,vatansa01,Sami,Vatanen,TOT,FI,D,0.8304386055861213
524,watsoau01,Austin,Watson,NSH,US,LW,0.755972380652283
525,yakupna01,Nail,Yakupov,COL,RU,RW,0.7282378452278975
526,archida02,Darren,Archibald,VAN,CA,RW,0.7912461845176425
527,barkoal01,Aleksander,Barkov,FLA,FI,C,0.9155466966895142
528,bouchre01,Reid,Boucher,VAN,US,C,0.7387381750198531
529,bournmi01,Michael,Bournival,TBL,CA,LW,0.7540071138449581
530,careypa01,Paul,Carey,NYR,US,C,0.6905086455244652
531,carrico01,Connor,Carrick,TOR,US,D,0.7346074939764348
532,cecico01,Cody,Ceci,OTT,CA,D,0.7781656075206272
533,chapumi01,Michael,Chaput,VAN,CA,C,0.6871280056389708
534,chiarbe01,Ben,Chiarot,WPG,CA,D,0.7408151665040374
535,connake01,Kevin,Connauton,ARI,CA,D,0.730394241380272
536,deslani01,Nicolas,Deslauriers,MTL,CA,LW,0.7110717728242809
537,dumbama01,Mathew,Dumba,MIN,CA,D,0.8351138638351489
538,dumoubr01,Brian,Dumoulin,PIT,US,D,0.7787959581457782
539,fastje01,Jesper,Fast,NYR,SE,RW,0.7947265606486544
540,fedunta01,Taylor,Fedun,BUF,CA,D,0.7511527845699377
541,ferrala01,Landon,Ferraro,TOT,CA,C,0.6712487593433843
542,folinch01,Christian,Folin,LAK,SE,D,0.7442302126558286
543,fontaju01,Justin,Fontaine,MIN,CA,RW,0.723641455540021
544,gaudrjo01,Johnny,Gaudreau,CGY,US,LW,0.8987735703456601
545,gazdilu01,Luke,Gazdic,NJD,CA,LW,0.6072485132571535
546,gibbobr02,Brian,Gibbons,NJD,US,C,0.8033412509366524
547,girgeze01,Zemgus,Girgensons,BUF,LV,C,0.7350564576159058
548,glendlu01,Luke,Glendening,DET,US,C,0.7645377365525023
549,gormlbr01,Brandon,Gormley,COL,CA,D,0.6371874263633832
550,granbpe01,Petter,Granberg,NSH,SE,D,0.6681378220133591
551,granlma01,Markus,Granlund,VAN,FI,C,0.7461283630639477
552,hamilfr01,Freddie,Hamilton,TOT,CA,C,0.6662724427491087
553,haulaer01,Erik,Haula,VEG,FI,LW,0.833030528098345
554,hertlto01,Tomas,Hertl,SJS,CZ,C,0.8576185421207542
555,huntbr01,Brad,Hunt,VEG,CA,D,0.7908607994671983
556,jarnkca01,Calle,Jarnkrok,NSH,SE,C,0.7972756942275343
557,jennebo01,Boone,Jenner,CBJ,CA,C,0.8349321679995392
558,jonesse01,Seth,Jones,CBJ,US,D,0.8741512260905944
559,jurcoto01,Tomas,Jurco,CHI,CS,RW,0.7256187650656174
560,klefbos01,Oscar,Klefbom,EDM,SE,D,0.8244880774814567
561,knighco01,Corban,Knight,FLA,CA,C,0.7236612497305039
562,kucheni01,Nikita,Kucherov,TBL,RU,RW,0.9245019018904591
563,kuzneev01,Evgeny,Kuznetsov,WSH,RU,C,0.8869703836347284
564,lattami01,Michael,Latta,WSH,CA,C,0.7059969947648995
565,leivojo01,Josh,Leivo,TOR,CA,LW,0.7914323231579218
566,lessilu01,Lucas,Lessio,MTL,CA,LW,0.7166558556064021
567,lindhel01,Elias,Lindholm,CAR,SE,C,0.8529200557787
568,lindhha01,Hampus,Lindholm,ANA,SE,D,0.8476174861556324
569,maattol01,Olli,Maatta,PIT,FI,D,0.7818222153868983
570,mackina01,Nathan,MacKinnon,COL,CA,C,0.896545272595778
571,marchal01,Alexey,Marchenko,TOT,RU,D,0.7382818469319312
572,marinma01,Martin,Marincin,TOR,CS,D,0.7545962497045666
573,mayfisc01,Scott,Mayfield,NYI,US,D,0.7739947783330534
574,mccabja01,Jake,McCabe,BUF,US,D,0.7652368588060534
575,mcilrdy01,Dylan,McIlrath,NYR,CA,D,0.7319556993390325
576,mckeggr01,Greg,McKegg,PIT,CA,C,0.6859064148712428
577,megnaja01,Jayson,Megna,VAN,US,C,0.6952421370778662
578,melchju01,Julian,Melchiori,WPG,CA,D,0.6883609929771075
579,merrijo01,Jonathon,Merrill,VEG,US,D,0.714186760508691
580,milleke03,Kevan,Miller,BOS,US,D,0.7988722770247358
581,monahse01,Sean,Monahan,CGY,CA,C,0.8755183396058058
582,murphco02,Connor,Murphy,CHI,US,D,0.7729033645008747
583,murrary01,Ryan,Murray,CBJ,CA,D,0.7724936213606954
584,namesvl01,Vladislav,Namestnikov,TOT,RU,C,0.8066502174629858
585,nelsobr01,Brock,Nelson,NYI,US,C,0.7855069538108248
586,nemetpa01,Patrik,Nemeth,COL,SE,D,0.7545966332986351
587,nichuva01,Valeri,Nichushkin,DAL,RU,RW,0.7712494667335998
588,nietoma01,Matthew,Nieto,COL,US,LW,0.7583408940327026
589,nordsjo02,Joakim,Nordstrom,CAR,SE,C,0.7175295007990455
590,ouellxa01,Xavier,Ouellet,DET,FR,D,0.7315586205349593
591,paquece01,Cedric,Paquette,TBL,CA,C,0.7326552457555036
592,pearsta01,Tanner,Pearson,LAK,CA,LW,0.8311838888845812
593,pitlity01,Tyler,Pitlick,DAL,US,C,0.7738643108418235
594,pulkkte01,Teemu,Pulkkinen,TOT,FI,RW,0.6810980973108746
595,rafflmi01,Michael,Raffl,PHI,AT,LW,0.760058042112183
596,rattity01,Ty,Rattie,EDM,CA,RW,0.8049338907239525
597,riellmo01,Morgan,Rielly,TOR,CA,D,0.8411440649213389
598,ristora01,Rasmus,Ristolainen,BUF,FI,D,0.8721604764070543
599,schmina01,Nate,Schmidt,VEG,US,D,0.807496804221549
600,sislomi01,Mike,Sislo,NJD,US,RW,0.7013830805992533
601,sissoco01,Colton,Sissons,NSH,CA,C,0.7738161467486641
602,sproury01,Ryan,Sproul,NYR,CA,D,0.7236788259190835
603,stollka01,Karl,Stollery,NJD,CA,D,0.767225541445209
604,stromry01,Ryan,Strome,EDM,CA,C,0.7799043282482835
605,szwarjo01,Jordan,Szwarz,BOS,CA,RW,0.7201065173803107
606,teravte01,Teuvo,Teravainen,CAR,FI,C,0.8543640982340647
607,trochvi01,Vincent,Trocheck,FLA,US,C,0.8991650964051698
608,trotmza01,Zach,Trotman,BOS,US,D,0.7548319313000375
609,troubja01,Jacob,Trouba,WPG,US,D,0.8443235648704681
610,veyli01,Linden,Vey,VAN,CA,RW,0.74245983924384
611,warsoda01,David,Warsofsky,COL,US,D,0.7221739476377178
612,wilsoga01,Garrett,Wilson,FLA,CA,LW,0.6352155733858786
613,wilsoto01,Tom,Wilson,WSH,CA,RW,0.791753832160665
614,wothety01,Tyler,Wotherspoon,CGY,CA,D,0.7280417490639629
615,zadorni01,Nikita,Zadorov,COL,RU,D,0.7665982551755122
616,altma01,Mark,Alt,TOT,US,D,0.6448922795129365
617,anderjo05,Josh,Anderson,CBJ,CA,RW,0.8045952659039479
618,andrean01,Andy,Andreoff,LAK,CA,LW,0.686140462625776
619,andrisv01,Sven,Andrighetto,COL,CH,RW,0.7954914096958817
620,armiajo01,Joel,Armia,WPG,FI,RW,0.7844764825886357
621,arvidvi01,Viktor,Arvidsson,NSH,SE,LW,0.8461975879680524
622,bellepi01,Pierre-Edouard,Bellemare,VEG,FR,LW,0.7310268445476258
623,bennesa01,Sam,Bennett,CGY,CA,C,0.7689219513907133
624,biegaal01,Alex,Biega,VAN,CA,D,0.7305109393014985
625,bitetan01,Anthony,Bitetto,NSH,US,D,0.6831250847186034
626,brownpa02,Patrick,Brown,CAR,US,C,0.6121352113263387
627,burakan01,Andre,Burakovsky,WSH,AT,LW,0.7987651698237819
628,clendad01,Adam,Clendening,NYR,US,D,0.7520652828049241
629,coppan01,Andrew,Copp,WPG,US,C,0.7673006466378924
630,cousini01,Nick,Cousins,ARI,CA,C,0.7594584905267239
631,dahlbkl01,Klas,Dahlbeck,CAR,SE,D,0.7056812132092029
632,danauph01,Phillip,Danault,MTL,CA,LW,0.822341621098368
633,danoma01,Marko,Dano,WPG,AT,C,0.7286585011312413
634,davidbr01,Brandon,Davidson,TOT,CA,D,0.7393551946921233
635,delarja01,Jacob,de La Rose,MTL,SE,LW,0.7024040166988452
636,draisle01,Leon,Draisaitl,EDM,DE,C,0.9007609143463293
637,drouijo01,Jonathan,Drouin,MTL,CA,LW,0.8252419117691575
638,duclaan01,Anthony,Duclair,TOT,CA,LW,0.7621862784021886
639,ekblaaa01,Aaron,Ekblad,FLA,CA,D,0.8152235344227122
640,everbde01,Dennis,Everberg,COL,SE,RW,0.5996503275536504
641,farnhbo01,Bobby,Farnham,TOT,US,LW,0.7123481339600626
642,ferlami01,Micheal,Ferland,CGY,CA,LW,0.7941958793757893
643,fialake01,Kevin,Fiala,NSH,CH,LW,0.7990858285896127
644,galiest01,Stanislav,Galiev,WSH,RU,RW,0.6793164539017966
645,gaudety01,Tyler,Gaudet,ARI,CA,C,0.7246110446074286
646,goodrba01,Barclay,Goodrow,SJS,CA,RW,0.7481949948178418
647,gostish01,Shayne,Gostisbehere,PHI,US,D,0.8670642671082722
648,graovty01,Tyler,Graovac,MIN,CA,C,0.6524069342191345
649,griffse01,Seth,Griffith,BUF,CA,C,0.6800386370957232
650,grimaro01,Rocco,Grimaldi,FLA,US,C,0.7069949445990905
651,harrisc01,Scott,Harrington,CBJ,CA,D,0.7002292184807009
652,hartmry01,Ryan,Hartman,TOT,US,RW,0.7938554153939473
653,hayeske01,Kevin,Hayes,NYR,US,RW,0.8168655120392334
654,helgese01,Seth,Helgeson,NJD,US,D,0.652163717776494
655,horvabo01,Bo,Horvat,VAN,CA,C,0.8504181142817495
656,jokipjy01,Jyrki,Jokipakka,TOT,FI,D,0.7022538590191207
657,joorijo01,Josh,Jooris,TOT,CA,C,0.7106669247130059
658,karlsme01,Melker,Karlsson,SJS,SE,C,0.7568857978695609
659,karlswi01,William,Karlsson,VEG,SE,C,0.8313986867850602
660,klingjo01,John,Klingberg,DAL,SE,D,0.8884608435900925
661,koekksl01,Slater,Koekkoek,TBL,CA,D,0.7098806755684238
662,kulakbr01,Brett,Kulak,CGY,CA,D,0.7000460600862435
663,lazarcu01,Curtis,Lazar,CGY,CA,C,0.7065258763099056
664,lehtejo01,Jori,Lehtera,PHI,FI,C,0.7244317237481217
665,lindbos02,Oscar,Lindberg,VEG,SE,C,0.7367083635807413
666,lowryad01,Adam,Lowry,WPG,US,LW,0.835536565593493
667,mansojo01,Josh,Manson,ANA,US,D,0.8339909935634519
668,martijo01,Jordan,Martinook,ARI,CA,LW,0.7606073310009984
669,mckencu01,Curtis,McKenzie,DAL,CA,LW,0.7657253123876127
670,morrojo02,Joseph,Morrow,TOT,CA,D,0.7252966084108372
671,muellmi01,Mirco,Mueller,NJD,CH,D,0.673869342711862
672,nesteni01,Nikita,Nesterov,TOT,RU,D,0.7381436384141755
673,nestran01,Andrej,Nestrasil,CAR,CS,RW,0.7688263496715615
674,noesest01,Stefan,Noesen,NJD,US,RW,0.7871592691964419
675,nurseda01,Darnell,Nurse,EDM,CA,D,0.7919699516526665
676,oestejo01,Jordan,Oesterle,CHI,US,D,0.7838487013891463
677,pakarii01,Iiro,Pakarinen,EDM,FI,RW,0.6969295721928633
678,pastrda01,David,Pastrnak,BOS,CZ,RW,0.8913700325728439
679,poulide01,Derrick,Pouliot,VAN,CA,D,0.7354430856771765
680,princsh01,Shane,Prince,NYI,US,C,0.6914936090180772
681,puempma01,Matt,Puempel,TOT,CA,LW,0.6839983839948494
682,raskvi01,Victor,Rask,CAR,SE,C,0.8101347373379643
683,reinhgr01,Griffin,Reinhart,EDM,CA,D,0.6834372951151533
684,reinhsa01,Sam,Reinhart,BUF,CA,C,0.8386720621820265
685,riedeto01,Tobias,Rieder,TOT,DE,C,0.7758725697433349
686,ritchbr01,Brett,Ritchie,DAL,CA,RW,0.770948440203197
687,rustbr01,Bryan,Rust,PIT,US,RW,0.8321030990318469
688,rycheke01,Kerby,Rychel,CBJ,US,LW,0.7320671511825102
689,salommi01,Miikka,Salomaki,NSH,FI,RW,0.7530313349229434
690,schalti01,Tim,Schaller,BOS,US,LW,0.7632721669628013
691,sekacji01,Jiri,Sekac,TOT,CS,LW,0.702861910982273
692,severda01,Damon,Severson,NJD,CA,D,0.7766077063080443
693,shoreni01,Nick,Shore,TOT,US,C,0.7677298158949375
694,siemedu01,Duncan,Siemens,COL,CA,D,0.7429756395013823
695,tiernch01,Chris,Tierney,SJS,CA,C,0.7810903780992993
696,vanritr01,Trevor,van Riemsdyk,CAR,US,D,0.7688580590423633
697,wagnech01,Chris,Wagner,TOT,US,C,0.7176261606675672
698,wennbal01,Alexander,Wennberg,CBJ,SE,C,0.8390586774675827
699,wilsosc01,Scott,Wilson,TOT,CA,C,0.7505689632738063
700,witkolu01,Luke,Witkowski,DET,US,D,0.6845319346726678
701,acciano01,Noel,Acciari,BOS,US,C,0.7448077885602131
702,archijo01,Josh,Archibald,TOT,CA,RW,0.7398491071493849
703,athanan01,Andreas,Athanasiou,DET,CA,C,0.7745806853042309
704,baileju01,Justin,Bailey,BUF,US,RW,0.7099942461325637
705,bigrach01,Chris,Bigras,COL,CA,D,0.6320657933860361
706,bjorkol01,Oliver,Bjorkstrand,CBJ,DK,RW,0.8179533263619314
707,blandjo01,Joseph,Blandisi,NJD,CA,C,0.7774601478309622
708,brickco01,Connor,Brickley,FLA,US,C,0.7172493448126056
709,brownco02,Connor,Brown,TOR,CA,RW,0.7630161259210495
710,carpery01,Ryan,Carpenter,TOT,US,C,0.7724128903903098
711,carrda01,Daniel,Carr,MTL,CA,LW,0.7828829090789751
712,catenda01,Daniel,Catenacci,BUF,CA,C,0.6011567725318856
713,claesfr01,Fredrik,Claesson,OTT,SE,D,0.7469526758765331
714,dauphla01,Laurent,Dauphin,ARI,CA,C,0.6993145587367086
715,demeldy01,Dylan,DeMelo,SJS,CA,D,0.766009782939879
716,digiuph01,Phillip,Di Giuseppe,CAR,CA,LW,0.7657202691732066
717,dickija01,Jason,Dickinson,DAL,CA,C,0.6450454275715118
718,dietzda01,Darren,Dietz,MTL,CA,D,0.8065149813727726
719,domima01,Max,Domi,ARI,CA,LW,0.813555409276849
720,donskjo01,Joonas,Donskoi,SJS,FI,RW,0.8065535700958888
721,dowdni01,Nic,Dowd,TOT,US,C,0.729902987427005
722,dzingry01,Ryan,Dzingel,OTT,US,C,0.7878472568018633
723,edmunjo01,Joel,Edmundson,STL,CA,D,0.7738268792136491
724,ehlerni01,Nikolaj,Ehlers,WPG,DK,LW,0.8577275566606777
725,eicheja01,Jack,Eichel,BUF,US,C,0.8862722989043037
726,fabbrro01,Robby,Fabbri,STL,CA,C,0.8186228704849547
727,faksara01,Radek,Faksa,DAL,CZ,C,0.8157127015545876
728,forbode01,Derek,Forbort,LAK,US,D,0.7830041516311236
729,froesby01,Byron,Froese,MTL,CA,C,0.7236095812395162
730,gabriku01,Kurtis,Gabriel,MIN,CA,RW,0.5879253619907753
731,gauncbr01,Brendan,Gaunce,VAN,CA,C,0.7165417380835829
732,gauthfr01,Frederik,Gauthier,TOR,CA,C,0.703130455180428
733,goldoni01,Nikolay,Goldobin,VAN,RU,LW,0.6963609592519656
734,gourdya01,Yanni,Gourde,TBL,CA,C,0.8577772639733799
735,graveke01,Kevin,Gravel,LAK,US,D,0.7210618146675751
736,gustaer02,Erik,Gustafsson,CHI,SE,D,0.8138957245501902
737,hanifno01,Noah,Hanifin,CAR,US,D,0.7943719473021301
738,hannima01,Markus,Hannikainen,CBJ,FI,LW,0.6966465704239818
739,harpube01,Ben,Harpur,OTT,CA,D,0.6571018545566977
740,hathaga01,Garnet,Hathaway,CGY,US,RW,0.7459940663920287
741,hinosvi01,Vinnie,Hinostroza,CHI,US,C,0.7880586693649639
742,hrivima01,Marek,Hrivik,NYR,CS,LW,0.7168331141971375
743,hudonch01,Charles,Hudon,MTL,CA,LW,0.8084024010794914
744,huttobe01,Ben,Hutton,VAN,CA,D,0.7265415275390184
745,hymanza01,Zach,Hyman,TOR,CA,C,0.799495991216132
746,janmama02,Mattias,Janmark,DAL,SE,C,0.7749515042059867
747,johnsst03,Stephen,Johns,DAL,US,D,0.7775321019662496
748,johnsro02,Ross,Johnston,NYI,CA,LW,0.7141992336323556
749,kalinse01,Sergey,Kalinin,NJD,RU,C,0.6946715754919212
750,kapanka01,Kasperi,Kapanen,TOR,FI,RW,0.7627830257207194
751,kemppjo01,Joonas,Kemppainen,BOS,FI,LW,0.6631386824861634
752,kerota01,Tanner,Kero,CHI,US,RW,0.7407455460386267
753,khairju01,Jujhar,Khaira,EDM,CA,LW,0.7472763679521437
754,kuhnhto01,Tom,Kuhnhackl,PIT,DE,RW,0.739393039696477
755,kukande01,Dean,Kukan,CBJ,CH,D,0.8015240193878165
756,larkidy01,Dylan,Larkin,DET,US,C,0.839679395294418
757,leierta01,Taylor,Leier,PHI,CA,LW,0.6911905591082853
758,leipsbr01,Brendan,Leipsic,TOT,CA,LW,0.7614390995018466
759,lernobr01,Brett,Lernout,MTL,CA,D,0.6881678179577302
760,lindees01,Esa,Lindell,DAL,FI,D,0.798594126032087
761,manthan01,Anthony,Mantha,DET,CA,RW,0.8487247171135934
762,martian01,Andreas,Martinsen,TOT,NO,LW,0.6919860124662527
763,mathemi01,Mike,Matheson,FLA,CA,D,0.7928867631976823
764,mccanja01,Jared,McCann,FLA,CA,C,0.7435600332893282
765,mccarmi01,Michael,McCarron,MTL,US,RW,0.6805880730947941
766,mccorma01,Max,McCormick,OTT,US,LW,0.7150825165023914
767,mcdavco01,Connor,McDavid,EDM,CA,C,0.9439054132165998
768,mcginbr01,Brock,McGinn,CAR,CA,LW,0.767730571870566
769,medveev01,Evgeny,Medvedev,PHI,RU,D,0.776659002194413
770,merscmi01,Michael,Mersch,LAK,US,LW,0.6702615224270638
771,milanso01,Sonny,Milano,CBJ,US,LW,0.772764584081104
772,milleco02,Colin,Miller,VEG,CA,D,0.8134356707135597
773,morrijo04,Josh,Morrissey,WPG,CA,D,0.804410342716099
774,naklaja01,Jakub,Nakladal,CGY,CS,D,0.7264421914240777
775,nelsoca01,Casey,Nelson,BUF,US,D,0.706108884667141
776,nosekto01,Tomas,Nosek,VEG,CS,C,0.7159848892975826
777,nylanwi01,William,Nylander,TOR,SE,C,0.853917177259753
778,oneilbr01,Brian,O'Neill,NJD,US,C,0.6686248630536233
779,olofsgu01,Gustav,Olofsson,MIN,SE,D,0.7370534826142974
780,panarar01,Artemi,Panarin,CBJ,RU,LW,0.8979770060522991
781,parayco01,Colton,Parayko,STL,CA,D,0.8454909532501524
782,paulni01,Nick,Paul,OTT,CA,LW,0.6656927725992257
783,pedanan01,Andrey,Pedan,VAN,LT,D,0.6190912734652378
784,pelecad01,Adam,Pelech,NYI,CA,D,0.7661340813331525
785,pescebr01,Brett,Pesce,CAR,US,D,0.8107601852781332
786,petanni01,Nic,Petan,WPG,CA,C,0.6928396496730137
787,plotnse01,Sergei,Plotnikov,TOT,RU,LW,0.7009660096149886
788,pulocry01,Ryan,Pulock,NYI,CA,D,0.7969426298603008
789,quineal01,Alan,Quine,NYI,CA,C,0.6869840235356224
790,randety01,Tyler,Randell,BOS,CA,RW,0.6842208484531069
791,rantami01,Mikko,Rantanen,COL,FI,RW,0.8680560909528158
792,rasmude01,Dennis,Rasmussen,ANA,SE,C,0.6983249706126595
793,rauky01,Kyle,Rau,FLA,US,C,0.6728011629348973
794,reillmi01,Mike,Reilly,TOT,US,D,0.703442795116398
795,ritchni01,Nick,Ritchie,ANA,CA,LW,0.7778363844791648
796,rodriev01,Evan,Rodrigues,BUF,CA,C,0.761321462806009
797,ryande01,Derek,Ryan,CAR,US,C,0.8192420282250157
798,santist01,Steven,Santini,NJD,US,D,0.7738476642767571
799,shawlo01,Logan,Shaw,TOT,CA,RW,0.6956462503216239
800,shearco01,Conor,Sheary,PIT,US,LW,0.7970965812963977
801,shorede01,Devin,Shore,DAL,CA,C,0.780551695391223
802,simondo01,Dominik,Simon,PIT,CZ,C,0.7870915942206888
803,skjeibr01,Brady,Skjei,NYR,US,D,0.79596275449207
804,slavija01,Jaccob,Slavin,CAR,US,D,0.8506094837632932
805,slepyan01,Anton,Slepyshev,EDM,RU,LW,0.7114421671385306
806,soshnni01,Nikita,Soshnikov,TOT,RU,RW,0.7040278989651283
807,spronda01,Daniel,Sprong,PIT,NL,RW,0.6343778589019357
808,stephch02,Chandler,Stephenson,WSH,CA,C,0.7278255610484714
809,sundqos01,Oskar,Sundqvist,STL,SE,C,0.7111124299883573
810,svedbvi01,Viktor,Svedberg,CHI,SE,D,0.7021607353342209
811,tanevbr01,Brandon,Tanev,WPG,CA,LW,0.7485796497049381
812,theodsh01,Shea,Theodore,VEG,CA,D,0.7992110519079838
813,thomppa02,Paul,Thompson,FLA,US,RW,0.6641402827716166
814,tryamni01,Nikita,Tryamkin,VAN,RU,D,0.7265071033963904
815,vatrafr01,Frank,Vatrano,TOT,US,LW,0.7521634045056965
816,vermijo01,Joel,Vermin,TBL,CH,RW,0.6852639419548082
817,virtaja01,Jake,Virtanen,VAN,CA,RW,0.7511294078592572
818,wealjo01,Jordan,Weal,PHI,CA,C,0.7416061394513149
819,widemch01,Chris,Wideman,OTT,US,D,0.7705109210733352
820,woodmi01,Miles,Wood,NJD,US,LW,0.7669648581363813
821,zachapa01,Pavel,Zacha,NJD,CZ,C,0.7555848031296546
822,abergpo01,Pontus,Aberg,TOT,SE,LW,0.6942577429552463
823,ahose01,Sebastian,Aho,CAR,FI,RW,0.8777721926043704
824,auvityo01,Yohann,Auvitu,EDM,FR,D,0.7196335720809222
825,baptini01,Nicholas,Baptiste,BUF,CA,RW,0.682590412913338
826,barbaiv01,Ivan,Barbashev,STL,RU,C,0.7525520449446873
827,barzama01,Mathew,Barzal,NYI,CA,C,0.9090899655732579
828,beauvan01,Anthony,Beauvillier,NYI,CA,LW,0.7817136462041105
829,bennima01,Matt,Benning,EDM,CA,D,0.7757838111873243
830,bertuty01,Tyler,Bertuzzi,DET,CA,LW,0.8211244964155936
831,blidhan01,Anton,Blidh,BOS,SE,LW,0.7171430673296738
832,boesebr01,Brock,Boeser,VAN,US,RW,0.8749618350707685
833,brodzjo01,Jonny,Brodzinski,LAK,US,C,0.6719087441879689
834,buchnpa01,Pavel,Buchnevich,NYR,RU,LW,0.8107318768843558
835,caggidr01,Drake,Caggiula,EDM,CA,LW,0.7554245864055313
836,carlobr01,Brandon,Carlo,BOS,US,D,0.7505821817527898
837,carlsga01,Gabriel,Carlsson,CBJ,SE,D,0.6975895005041044
838,carriwi01,William,Carrier,VEG,CA,LW,0.7311574152086592
839,cehlape01,Peter,Cehlarik,BOS,SK,LW,0.6981172912121411
840,chaboth01,Thomas,Chabot,OTT,CA,D,0.7806741126346387
841,chychja01,Jakob,Chychrun,ARI,US,D,0.7684477705315937
842,colembl01,Blake,Coleman,NJD,US,C,0.7661472699745207
843,comphj,J.T.,Compher,COL,US,LW,0.7565086910698262
844,connoky01,Kyle,Connor,WPG,US,LW,0.7893243045396645
845,cramajo01,Joseph,Cramarossa,TOT,CA,C,0.6774305455232396
846,crousla01,Lawson,Crouse,ARI,CA,LW,0.6993974939266061
847,czarnau01,Austin,Czarnik,BOS,US,C,0.7468026493020146
848,deangan01,Anthony,DeAngelo,NYR,US,D,0.7279156136297378
849,didomch01,Christopher,Didomenico,OTT,CA,C,0.7839156249845202
850,dotchja01,Jake,Dotchin,TBL,CA,D,0.7800877507690869
851,dvorach01,Christian,Dvorak,ARI,US,C,0.7940349728370628
852,eliere01,Remi,Elie,DAL,CA,LW,0.7482920858932507
853,eriksjo02,Joel,Eriksson Ek,MIN,SE,C,0.7480741470327381
854,ernead01,Adam,Erne,TBL,US,LW,0.7154468537640862
855,fischch01,Christian,Fischer,ARI,US,RW,0.7965363350019514
856,forslgu02,Gustav,Forsling,CHI,SE,D,0.7314930509028851
857,frkma01,Martin,Frk,DET,CZ,RW,0.7512684286434702
858,gaudrfr01,Frederick,Gaudreau,NSH,CA,C,0.6656622564265803
859,greeraj01,A.J.,Greer,COL,CA,LW,0.6596490106459538
860,grzelma01,Matt,Grzelcyk,BOS,US,D,0.7810284890123528
861,guentja01,Jake,Guentzel,PIT,US,C,0.8579096916025483
862,guhlebr01,Brendan,Guhle,BUF,CA,D,0.7601561902220708
863,haggro01,Robert,Hagg,PHI,SE,D,0.750164999505841
864,harpesh01,Shane,Harper,FLA,US,RW,0.7100148027932938
865,haydejo01,John,Hayden,CHI,US,C,0.772783311174908
866,heedti01,Tim,Heed,SJS,SE,D,0.799127183276019
867,heineda01,Danton,Heinen,BOS,CA,C,0.8601766856451474
868,hosanjo01,Joshua,Ho-Sang,NYI,CA,C,0.7824150158765806
869,honkaju01,Julius,Honka,DAL,FI,D,0.7135010693156971
870,jankoma01,Mark,Jankowski,CGY,CA,C,0.7573418370488029
871,jenseni02,Nick,Jensen,DET,US,D,0.7552547765537639
872,jostty01,Tyson,Jost,COL,CA,C,0.74125268053519
873,kaseon01,Ondrej,Kase,ANA,CZ,RW,0.7995582782635717
874,kellecl01,Clayton,Keller,ARI,US,C,0.8623182669950737
875,kempead01,Adrian,Kempe,LAK,SE,LW,0.7517070921808323
876,kempnmi01,Michal,Kempny,TOT,CS,D,0.7548424768453964
877,konectr01,Travis,Konecny,PHI,CA,C,0.8129279438735928
878,kuralse01,Sean,Kuraly,BOS,US,C,0.7617548561289169
879,labanke01,Kevin,Labanc,SJS,US,RW,0.7983281027185121
880,labatjo01,Joseph,Labate,VAN,US,C,0.5937543278302285
881,laduepa01,Paul,Ladue,LAK,US,D,0.8015793383002813
882,lainepa01,Patrik,Laine,WPG,FI,RW,0.875073814268982
883,lappini01,Nick,Lappin,NJD,US,RW,0.6968128159081425
884,lehkoar01,Artturi,Lehkonen,MTL,FI,LW,0.7915611186607365
885,lindhan01,Anton,Lindholm,COL,SE,D,0.6838230569434425
886,lyubiro01,Roman,Lyubimov,PHI,RU,LW,0.6978128314346886
887,malgide01,Denis,Malgin,FLA,CH,C,0.7557777226302745
888,marnemi01,Mitch,Marner,TOR,CA,C,0.8735010448526888
889,matthau01,Auston,Matthews,TOR,US,C,0.8974728699124119
890,mccosia01,Ian,McCoshen,FLA,US,D,0.682287830166317
891,megnaja02,Jaycob,Megna,ANA,US,D,0.6831926093822241
892,meierti01,Timo,Meier,SJS,CH,RW,0.8032173436732151
893,mitchza01,Zack,Mitchell,MIN,CA,RW,0.6439372670580995
894,montobr01,Brandon,Montour,ANA,CA,D,0.7875339305196669
895,mottety01,Tyler,Motte,TOT,US,C,0.7137243029220702
896,nievecr01,Boo,Nieves,NYR,US,C,0.759759345602537
897,nutivma01,Markus,Nutivaara,CBJ,FI,D,0.7469706972368457
898,ogararo01,Rob,O'Gara,TOT,US,D,0.6855914323998747
899,oregada01,Daniel,O'Regan,TOT,DE,C,0.6975663225126705
900,perlibr01,Brendan,Perlini,ARI,GB,LW,0.760717727904016
901,pointbr01,Brayden,Point,TBL,CA,C,0.8664158789090877
902,provoiv01,Ivan,Provorov,PHI,RU,D,0.8444140558246649
903,puljuje01,Jesse,Puljujarvi,EDM,SE,RW,0.7553367075825421
904,quennjo02,John,Quenneville,NJD,CA,C,0.7517116339819294
905,rosloja01,Jack,Roslovic,WPG,US,C,0.7818889148029469
906,rowneca01,Carter,Rowney,PIT,CA,RW,0.7321711483834112
907,russoro01,Robbie,Russo,DET,US,D,0.6647624288933301
908,sanfoza01,Zachary,Sanford,TOT,US,LW,0.6851758393279553
909,scherni01,Nikita,Scherbak,MTL,RU,RW,0.7119861215012918
910,schmajo01,Jordan,Schmaltz,STL,US,D,0.6361903166666314
911,schmani01,Nick,Schmaltz,CHI,US,C,0.8167314470477955
912,sedlalu01,Lukas,Sedlak,CBJ,CZ,C,0.7293890962739877
913,sergami01,Mikhail,Sergachev,TBL,RU,D,0.8041141389199029
914,ahose02,Sebastian,Aho,NYI,SE,D,0.6933960270177699
915,amadimi01,Michael,Amadio,LAK,CA,C,0.6798165655807852
916,antipvi01,Victor,Antipin,BUF,KZ,D,0.7138396721064931
917,astonza01,Zach,Aston-Reese,PIT,US,C,0.8098175149204614
918,bearet01,Ethan,Bear,EDM,CA,D,0.6971644629714864
919,bjorkan01,Anders,Bjork,BOS,US,LW,0.7636043911390004
920,blaissa01,Samuel,Blais,STL,CA,LW,0.718035374270435
921,borgman01,Andreas,Borgman,TOR,SE,D,0.7334042476239158
922,boweyma01,Madison,Bowey,WSH,CA,D,0.7003303890614159
923,brattje01,Jesper,Bratt,NJD,SE,W,0.7857361843011929
924,butchwi01,Will,Butcher,NJD,US,D,0.8241699706255741
925,chlapfi01,Filip,Chlapik,OTT,CZ,C,0.6879828482471869
926,cirelan01,Anthony,Cirelli,TBL,CA,C,0.8442569658579481
927,dahlsca01,Carl,Dahlstrom,CHI,SE,D,0.7646298564624225
928,debrial01,Alex,DeBrincat,CHI,US,RW,0.837864283813803
929,debruja01,Jake,Debrusk,BOS,CA,LW,0.8311500183179711
930,dermotr01,Travis,Dermott,TOR,CA,D,0.7984031661689802
931,djoosch01,Christian,Djoos,WSH,SE,D,0.7272997153054378
932,donatry01,Ryan,Donato,BOS,US,C,0.8620010013588166
933,duboipi01,Pierre-Luc,Dubois,CBJ,CA,LW,0.8400616318284604
934,dunnvi02,Vince,Dunn,STL,CA,D,0.7639687183177294
935,fanteos01,Oscar,Fantenberg,LAK,SE,D,0.757727074429088
936,fleurha01,Haydn,Fleury,CAR,CA,D,0.714348450072711
937,fritzta01,Tanner,Fritz,NYI,CA,C,0.7113451968549187
938,gilmojo01,John,Gilmour,NYR,CA,D,0.7110293254624409
939,girarsa01,Samuel,Girard,TOT,CA,D,0.7557747535548216
940,highmma01,Matthew,Highmore,CHI,CA,LW,0.7088338293919065
941,hischni01,Nico,Hischier,NJD,CH,C,0.8326402655974297
942,huntdr01,Dryden,Hunt,FLA,CA,LW,0.6708605947941717
943,iafalal01,Alex,Iafallo,LAK,US,C,0.7837420968031364
944,jerabja01,Jakub,Jerabek,TOT,CS,D,0.7422615012001696
945,juulsno01,Noah,Juulsen,MTL,CA,D,0.736971853566934
946,kampfda01,David,Kampf,CHI,CZ,C,0.7473284163145469
947,kempema01,Mario,Kempe,ARI,SE,C,0.707513693181264
948,kerfoal01,Alexander,Kerfoot,COL,CA,C,0.7979479796109908
949,kuninlu01,Luke,Kunin,MIN,US,C,0.7201071110852608
950,lettivi01,Vinni,Lettieri,NYR,US,C,0.703312026893958
951,lindbos01,Oskar,Lindblom,PHI,SE,LW,0.7798913747653489
952,macdeku01,Kurtis,MacDermid,LAK,CA,D,0.6657488501661312
953,maminma01,Maxim,Mamin,FLA,RU,C,0.6948949401092921
954,mcavoch01,Charlie,McAvoy,BOS,US,D,0.8716006800777535
955,metevi01,Victor,Mete,MTL,CA,D,0.7099836356044991
956,patrino01,Nolan,Patrick,PHI,CA,C,0.777330474589592
957,pettema01,Marcus,Pettersson,ANA,SE,D,0.699784384903918
958,pionkne01,Neal,Pionk,NYR,US,D,0.8312727610972424
959,poolmtu01,Tucker,Poolman,WPG,US,D,0.6859995796329953
960,royke01,Kevin,Roy,ANA,CA,C,0.7194298689111238
961,ruttaja02,Jan,Rutta,CHI,CS,D,0.7862232141474524
962,ryanjo02,Joakim,Ryan,SJS,US,D,0.7639421405858995
963,sanhetr01,Travis,Sanheim,PHI,CA,D,0.729526577144473
964,seeleni01,Nick,Seeler,MIN,US,D,0.7619084743130746
965,smithge02,Gemel,Smith,DAL,CA,C,0.7543868475537263
966,sorenma01,Marcus,Sorensen,SJS,SE,RW,0.7307377427181654
967,stechtr01,Troy,Stecher,VAN,CA,D,0.7521524373011468
968,stromdy01,Dylan,Strome,ARI,CA,C,0.7637909400792355
969,svechev01,Evgeny,Svechnikov,DET,RU,LW,0.7315967362371778
970,thompta01,Tage,Thompson,STL,US,C,0.7048419868989787
971,tkachma01,Matthew,Tkachuk,CGY,US,LW,0.8889933950368206
972,tonindo01,Dominic,Toninato,COL,US,C,0.6518607004101039
973,tuchal01,Alex,Tuch,VEG,US,RW,0.8244003061379039
974,veseyji02,Jimmy,Vesey,NYR,US,LW,0.751136237873328
975,vranaja01,Jakub,Vrana,WSH,CZ,LW,0.7409274912724682
976,wallmlu01,Lucas,Wallmark,CAR,SE,C,0.683927535995609
977,weegama01,MacKenzie,Weegar,FLA,CA,D,0.7217701477056035
978,werenza01,Zach,Werenski,CBJ,US,D,0.8492078616584284
979,whiteco02,Colin,White,OTT,US,C,0.7172182455829011
980,zaitsni01,Nikita,Zaitsev,TOR,RU,D,0.7963484232174396
